Migrant remittance inflows (US$ million),1990,1991,1992,1993,1994,1995,1996,1997,1998,1999,2000,2001,2002,2003,2004,2005,2006,2007,2008,2009,2010,2011,2012,2013,2014,2015,2016,2017,2018,2019,2020,2021,2022e,% of GDP in 2022,,,
Afghanistan,0,0,0,0,0,0,0,0,0,0,0,0,0,0,0,0,0,0,90,141,378,179,219,347,253,349,628,823,804,829,789,300,350,2.1,,,
Albania,0,0,152,332,307,427,551,300,504,407,598,699,734,889,"1,161","1,290","1,359","1,468","1,866","1,718","1,587","1,552","1,420","1,282","1,421","1,291","1,306","1,312","1,458","1,473","1,466","1,718","1,800",9.9,,,
Algeria,352,233,0,0,0,0,0,0,0,0,0,0,0,0,0,170,189,99,104,150,197,203,215,210,"2,452","1,997","1,989","1,792","1,985","1,786","1,700","1,759","1,829",1.0,,,
American Samoa,,,,,,,,,,,,,,,,,,,,,,,,,,,,,,,,,,,,,
Andorra,0,0,0,0,0,0,0,0,0,0,0,0,0,0,0,,,,,,,,,,,,,,,21,47,,,,,,
Angola,0,0,0,0,0,0,5,0,0,0,0,0,0,0,0,0,0,0,82,0,18,0,40,37,31,11,4,1,2,3,8,13,16,0.01,,,
Antigua and Barbuda,9,0,0,8,9,0,9,10,19,18,17,24,14,16,18,18,19,21,22,21,20,20,21,21,32,31,27,24,33,37,36,50,35,2.0,,,
Argentina,0,0,15,58,62,64,65,66,69,64,86,190,207,273,312,432,541,606,705,629,644,697,578,535,505,494,392,480,522,561,651,912,966,0.2,,,
Armenia,0,0,0,0,11,71,154,229,167,183,182,209,264,336,788,915,"1,169","1,644","1,904","1,440","1,669","1,799","1,915","2,192","2,079","1,491","1,382","1,539","1,488","1,528","1,327","1,610","3,350",18.9,,,
Aruba,0,2,2,2,4,1,2,2,2,1,1,1,1,0,1,1,1,5,7,9,5,5,5,6,7,8,53,56,37,34,35,36,44,1.3,,,
Australia,353,344,360,347,394,439,518,539,502,532,518,487,466,652,825,940,"1,015","1,342","1,526","1,335","1,864","2,449","2,405","2,442","2,330","2,175","2,057","2,002","1,861","1,752","1,187",922,737,0.04,,,
Austria,0,0,0,0,0,0,0,0,0,0,0,0,0,0,0,"2,314","2,517","2,916","3,190","3,102","2,983","3,251","3,028","3,262","3,240","2,864","2,888","2,957","3,023","2,967","3,000","3,167","2,700",0.6,,,
Azerbaijan,0,0,0,0,0,3,0,0,6,54,57,104,163,156,204,623,790,"1,268","1,518","1,255","1,410","1,893","1,990","1,733","1,846","1,270",643,"1,133","1,226","1,275","1,403","1,527","2,150",3.1,,,
"Bahamas, The",0,0,0,0,0,0,0,0,0,0,0,0,0,0,0,,,,,,,,,,,,,,,,,,,,,,
Bahrain,0,0,0,0,0,0,0,0,0,0,0,0,0,0,0,,,,,,,,,,,,,,,,,,,,,,
Bangladesh,779,769,912,"1,007","1,151","1,202","1,345","1,526","1,606","1,807","1,968","2,105","2,858","3,192","3,584","4,315","5,428","6,562","8,941","10,521","10,850","12,071","14,120","13,867","14,988","15,296","13,574","13,502","15,566","18,364","21,752","22,203","21,000",4.6,,,
Barbados,52,54,55,55,57,61,68,77,87,99,113,130,125,131,129,94,87,139,101,114,82,147,152,191,189,198,158,85,0,0,0,,,,,,
Belarus,0,0,0,0,0,29,93,47,54,62,114,67,81,164,239,199,268,288,583,504,575,891,"1,053","1,214","1,231",932,977,"1,254","1,446","1,419","1,014","1,137","1,350",1.7,,,
Belgium,0,0,0,0,0,0,0,0,0,0,0,0,"4,535","5,778","6,563","6,884","7,269","8,992","10,479","11,091","10,994","11,729","11,171","11,695","12,161","10,465","10,786","11,435","12,449","12,178","12,694","15,883","13,500",2.3,,,
Belize,18,16,20,17,13,14,17,23,23,24,25,28,27,32,34,45,64,73,76,79,78,75,76,74,80,85,97,90,93,97,121,135,142,5.3,,,
Benin,94,116,135,108,88,99,85,70,89,75,86,83,76,55,63,147,196,241,208,126,140,172,208,249,305,214,222,196,199,217,205,204,209,1.2,,,
Bermuda,0,0,0,0,0,0,0,0,0,0,0,0,0,0,0,0,"1,183","1,450","1,391","1,346","1,261","1,175","1,191","1,225","1,336","1,445","1,446","1,506","1,447","1,547","1,574","1,574","1,200",,,,
Bhutan,0,0,0,0,0,0,0,0,0,0,0,0,0,0,0,0,2,3,4,5,8,10,18,12,14,20,34,43,58,57,83,58,55,2.0,,,
Bolivia,4,3,3,3,3,5,11,85,88,96,127,135,113,158,211,337,603,"1,055","1,135","1,058",960,"1,043","1,111","1,201","1,177","1,191","1,247","1,408","1,388","1,336","1,127","1,417","1,403",3.2,,,
Bosnia and Herzegovina,0,0,0,0,0,0,0,0,"1,984","1,873","1,581","1,500","1,496","1,738","2,053","2,038","2,149","2,687","2,718","2,127","1,822","1,958","1,846","1,958","2,107","1,801","1,846","2,017","2,263","2,333","1,911","2,374","2,400",10.1,,,
Botswana,81,79,87,65,63,55,43,41,36,26,19,18,19,27,79,118,104,92,47,15,22,20,18,36,46,30,25,39,44,59,36,58,56,0.3,,,
Brazil,537,"1,067","1,737","1,161","1,893","2,952","2,059","1,586","1,270","1,501","1,350","1,449","2,004","2,287","2,813","2,805","3,287","3,306","3,643","2,889","3,083","3,215","2,784","2,718","2,648","2,897","2,740","2,699","2,933","3,214","3,566","4,102","5,045",0.3,,,
Brunei Darussalam,0,0,0,0,0,0,0,0,0,0,0,0,0,0,0,,,,,,,,,,,,,,,,,,,,,,
Bulgaria,0,0,0,0,0,0,42,51,51,43,58,826,"1,177","1,718","1,723","1,613","1,716","1,694","1,919","1,592","1,333","1,483","1,449","1,667","1,685","1,495","1,666","2,194","2,408","2,342",955,786,850,1.0,,,
Burkina Faso,0,0,0,0,0,0,0,0,0,0,0,0,0,0,0,57,68,84,100,96,120,221,210,308,396,385,397,417,456,467,525,561,589,3.2,,,
Burundi,0,0,0,0,0,0,0,0,0,0,0,0,0,0,0,0,0,0,4,28,34,45,46,49,56,51,31,34,48,0,0,48,50,1.4,,,
Cabo Verde,59,62,76,76,85,106,100,76,74,80,90,81,85,108,113,137,137,139,155,136,131,177,177,176,197,201,211,217,235,241,246,312,375,18.2,,,
Cambodia,0,0,9,10,11,12,12,12,72,82,103,113,123,128,147,164,184,186,188,142,557,611,855,"1,003","1,103","1,185","1,199","1,287","1,431","1,525","1,272","1,153","1,250",4.4,,,
Cameroon,23,7,25,20,11,11,13,14,23,15,22,17,30,76,104,77,130,168,163,185,115,220,210,244,283,242,269,317,334,356,334,350,365,0.8,,,
Canada,348,441,384,395,437,486,558,492,495,657,555,611,635,672,828,934,"1,086","1,177","1,299","1,196","1,199","1,227","1,255","1,337","1,351","1,274","1,289","1,268","1,296","1,312",822,806,700,,,,
Cayman Islands,0,0,0,0,0,0,0,0,0,0,0,0,0,0,0,0,0,0,0,0,0,0,0,0,0,0,14,16,14,14,9,14,14,,,,
Central African Republic,0,0,0,0,0,0,0,0,0,0,0,0,0,0,0,0,0,0,0,0,0,0,0,0,0,0,0,0,0,0,0,,,,,,
Chad,0,0,0,0,1,0,0,0,0,0,0,0,0,0,0,0,0,0,0,0,0,0,0,0,0,0,0,0,0,0,0,,,,,,
Channel Islands,,,,,,,,,,,,,,,,,,,,,,,,,,,,,,,,,,,,,
Chile,0,0,0,0,0,0,0,0,0,0,13,12,12,0,0,0,0,0,0,52,62,71,72,71,61,59,65,67,70,69,71,76,78,0.02,,,
China,124,207,228,108,395,350,"1,672","4,589",344,530,758,"1,209","2,353","4,625","6,641","23,626","27,565","38,395","47,743","41,600","52,460","61,576","57,987","59,491","62,332","63,938","61,000","63,876","67,414","68,398","59,507","53,000","51,000",0.3,,,
Colombia,495,881,641,468,968,815,753,774,806,"1,312","1,610","2,056","2,480","3,076","3,190","3,346","3,899","4,460","4,827","4,125","4,031","4,101","4,019","4,450","4,166","5,002","5,192","5,819","6,675","7,115","6,925","8,608","9,133",2.7,,,
Comoros,10,10,16,16,15,12,0,0,0,0,0,0,0,32,49,54,63,74,101,100,87,108,110,0,160,132,117,132,173,169,227,243,250,20.1,,,
"Congo, Dem. Rep.",0,0,0,0,0,0,0,0,0,0,0,0,0,0,0,9,13,9,15,20,16,"1,128",856,"1,001",756,"1,167",593,"1,076","1,823","2,076","1,109","1,331","1,664",2.6,,,
"Congo, Rep.",0,0,0,0,0,4,8,5,2,12,10,12,1,12,15,11,13,17,22,34,33,62,68,72,42,30,8,0,0,26,13,,,,,,
Costa Rica,12,13,14,16,17,123,131,130,128,126,136,198,251,321,320,420,513,618,605,513,531,520,562,596,594,552,545,560,534,553,525,594,654,1.0,,,
Cote d'Ivoire,0,0,0,0,0,0,0,0,0,0,0,0,0,0,0,163,167,185,200,316,374,397,367,385,387,336,342,308,332,328,329,348,360,0.5,,,
Croatia,0,0,0,230,376,544,650,594,601,529,"1,008","1,133","1,331","1,566","1,874","1,874","1,926","2,229","2,505","2,269","2,287","2,524","2,085","2,769","2,775","2,677","3,223","3,663","4,014","4,280","4,203","5,045","3,701",5.3,,,
Cuba,,,,,,,,,,,,,,,,,,,,,,,,,,,,,,,,,,,,,
Curacao,0,0,0,0,0,0,0,0,0,0,0,0,0,0,0,0,0,0,0,0,0,150,136,133,143,142,148,160,155,176,131,,131,,,,
Cyprus,79,66,81,79,81,49,49,48,48,50,45,78,21,32,77,105,105,142,949,593,862,741,601,431,323,298,392,464,521,535,534,666,527,2.0,,,
Czech Republic,0,0,0,138,164,189,110,71,346,311,294,256,333,494,"1,222","1,341","1,603","1,827","1,134","1,196","1,229","1,394","1,409","1,738","2,628","2,675","3,126","3,585","3,936","3,860","4,186","4,387","4,539",1.5,,,
Denmark,0,0,464,450,439,523,0,852,765,803,667,699,785,941,"1,075",666,740,823,"1,052","1,019",925,"1,150","1,182","1,371","1,483","1,258","1,247","1,314","1,415","1,451","1,488","1,492","1,517",0.4,,,
Djibouti,0,13,13,19,14,12,11,11,12,12,12,12,15,25,25,26,28,29,30,32,33,32,33,40,38,40,40,41,60,79,64,65,55,1.5,,,
Dominica,10,0,0,10,10,11,11,11,12,13,14,14,14,15,20,22,22,22,23,22,23,23,23,24,51,56,44,44,42,48,68,58,52,8.7,,,
Dominican Republic,315,330,347,758,798,839,963,"1,142","1,406","1,631","1,839","1,982","2,194","2,325","2,501","2,719","3,054","3,397","3,606","3,415","3,887","4,241","4,262","4,486","4,810","5,196","5,508","6,178","6,818","7,421","8,332","10,743","9,920",8.8,,,
Ecuador,51,56,75,203,276,386,489,648,799,"1,090","1,322","1,421","1,438","1,633","1,838","2,460","2,934","3,341","3,089","2,742","2,599","2,681","2,476","2,459","2,472","2,388","2,612","2,849","3,039","3,243","3,344","4,367","4,468",3.9,,,
"Egypt, Arab Rep.","4,284","4,054","6,104","5,664","3,672","3,226","3,107","3,697","3,370","3,235","2,852","2,911","2,893","2,961","3,341","5,017","5,330","7,656","8,694","7,150","12,453","14,324","19,236","17,833","19,570","18,325","18,590","24,737","25,516","26,781","29,603","31,487","32,337",6.9,,,
El Salvador,366,475,694,796,972,"1,064","1,084","1,199","1,338","1,386","1,764","1,924","1,953","2,121","2,563","3,029","3,483","3,709","3,755","3,402","3,472","3,644","3,914","3,966","4,160","4,275","4,562","4,996","5,392","5,657","5,931","7,488","7,620",23.8,,,
Equatorial Guinea,0,0,1,0,0,0,0,0,0,0,0,0,0,0,0,0,0,0,0,0,0,0,0,0,0,0,0,0,0,0,0,,,,,,
Eritrea,0,0,0,0,0,0,0,0,3,4,3,0,0,0,0,0,0,0,0,0,0,0,0,0,0,0,0,0,0,0,0,,,,,,
Estonia,0,0,0,0,3,1,2,2,3,2,4,11,19,42,155,255,392,381,416,340,357,439,461,565,544,457,486,505,570,542,507,580,626,1.6,,,
Eswatini,111,108,110,82,77,82,75,84,78,70,57,53,44,65,83,95,96,95,90,93,55,64,89,75,96,96,98,144,126,119,112,132,148,3.2,,,
Ethiopia,5,10,15,18,25,27,16,9,27,34,53,18,33,46,134,174,172,358,387,262,436,538,624,833,"1,796","1,087",772,393,436,480,404,436,327,0.3,,,
Faeroe Islands,0,0,0,0,0,0,0,0,48,50,43,39,40,44,49,80,89,109,137,139,146,158,0,0,0,0,0,0,0,0,0,,,,,,
Fiji,21,19,23,26,30,33,33,35,26,23,43,78,99,124,173,203,205,183,147,171,176,161,191,204,221,252,272,279,292,295,355,484,450,9.3,,,
Finland,63,101,103,77,67,74,145,235,375,444,473,491,477,526,667,692,715,806,959,866,894,756,862,"1,073","1,069",865,861,908,841,797,813,842,880,0.3,,,
France,"3,839","4,429","4,961","4,770","3,749","4,434","4,335","9,741","10,021","9,445","8,870","9,194","10,599","12,232","13,343","14,205","15,535","17,586","20,086","19,665","19,898","22,942","22,666","24,412","25,358","24,067","24,042","24,885","26,229","30,025","28,823","32,077","28,520",1.0,,,
French Polynesia,0,0,0,0,0,0,0,0,0,0,0,0,408,509,598,557,622,689,763,728,651,722,633,672,660,564,582,0,0,0,0,,,,,,
Gabon,0,0,0,0,0,4,6,6,6,4,6,5,3,6,7,11,0,14,21,14,38,22,23,17,29,18,14,14,14,14,14,14,4,0.02,,,
"Gambia, The",0,0,0,0,0,0,0,0,0,0,0,0,0,54,61,59,64,56,65,80,116,91,106,110,138,154,146,160,212,276,416,547,615,28.3,,,
Georgia,0,0,0,0,0,0,0,284,373,361,206,219,226,248,359,446,627,883,"1,065","1,112","1,184","1,547","1,770","1,945","1,986","1,459","1,521","1,794","2,034","2,258","2,110","2,644","4,100",16.3,,,
Germany,"4,858","4,809","4,907","4,382","4,394","4,507","4,329","3,831","3,908","3,755","3,604","3,883","4,654","5,748","6,516","6,864","7,484","9,767","10,974","12,345","12,789","15,337","14,637","16,396","17,075","15,578","15,198","15,688","18,903","18,730","19,359","20,412","18,000",0.4,,,
Ghana,6,6,7,10,16,17,28,26,30,31,32,46,44,65,82,99,105,117,126,114,136,"2,135","2,155","1,864","2,008","4,982","2,980","3,536","3,521","4,054","4,292","4,507","4,664",6.1,,,
Greece,"1,817","2,173","2,531","2,655","2,886","3,286","3,079","3,062",0,"2,284","2,194","2,015","1,660","1,565","1,243","1,220","1,543","2,483","2,687","2,022","1,499","1,187",681,805,735,509,417,401,490,676,611,689,665,0.3,,,
Greenland,,,,,,,,,,,,,,,,,,,,,,,,,,,,,,,,,,,,,
Grenada,10,0,0,10,14,20,21,22,22,23,24,24,25,25,48,27,28,29,29,28,28,29,29,30,41,43,45,47,48,63,70,74,69,5.8,,,
Guam,,,,,,,,,,,,,,,,,,,,,,,,,,,,,,,,,,,,,
Guatemala,119,179,231,241,285,358,375,408,457,466,596,634,"1,600","2,147","2,628","3,067","3,700","4,236","4,426","4,002","4,225","4,533","4,965","5,304","5,751","6,482","7,363","8,394","9,438","10,656","11,405","15,395","18,112",19.8,,,
Guinea,0,0,0,0,0,1,1,1,5,6,1,9,15,111,42,42,30,15,62,52,46,65,66,93,121,131,52,45,28,158,23,344,41,0.2,,,
Guinea-Bissau,1,0,0,0,0,0,2,2,0,0,0,10,18,23,28,20,26,43,49,49,46,52,46,64,92,85,56,105,128,151,175,178,178,11.0,,,
Guyana,0,0,0,0,0,0,15,15,14,21,27,22,51,99,153,201,218,278,274,262,368,412,469,328,330,303,269,322,334,380,438,393,400,2.7,,,
Haiti,0,0,0,0,0,0,0,0,327,422,578,624,676,811,932,986,"1,063","1,222","1,370","1,376","1,474","1,551","1,612","1,781","1,977","2,196","2,359","2,614","2,966","3,026","3,455","4,196","4,532",22.5,,,
Honduras,63,83,112,64,89,124,157,190,225,328,474,610,801,865,"1,169","1,805","2,358","2,614","2,821","2,477","2,618","2,811","2,920","3,098","3,370","3,666","3,864","4,323","4,777","5,401","5,589","7,203","8,284",27.1,,,
"Hong Kong SAR, China",0,0,0,0,0,0,0,0,154,130,136,153,121,120,240,297,294,317,355,348,340,352,367,360,372,387,399,437,425,451,427,461,571,0.2,,,
Hungary,0,0,0,0,0,352,327,296,315,336,363,364,444,467,633,732,859,976,"1,312","1,575","1,850","2,305","3,148","4,160","4,203","3,954","4,171","4,124","4,405","4,964","3,820","3,487","2,404",1.3,,,
Iceland,46,51,53,47,41,36,33,41,29,31,36,39,65,49,61,66,80,110,120,94,136,151,155,207,218,217,209,188,174,184,165,190,164,0.6,,,
India,"2,384","3,289","2,897","3,523","5,857","6,223","8,766","10,331","9,479","11,124","12,883","14,273","15,736","20,999","18,750","22,125","28,334","37,217","49,977","49,204","53,480","62,499","68,821","69,970","70,389","68,910","62,744","68,967","78,790","83,332","83,149","89,375","100,000",2.9,,,
Indonesia,166,130,229,346,449,651,796,725,958,"1,109","1,190","1,046","1,259","1,489","1,866","5,420","5,722","6,174","6,794","6,793","6,916","6,924","7,212","7,614","8,551","9,659","8,907","8,990","11,215","11,666","9,651","9,402","9,700",0.8,,,
"Iran, Islamic Rep.",0,0,0,0,0,0,0,0,0,0,0,0,0,0,0,,,,,,,,,,,,,,,,, ,,,,,
Iraq,0,0,0,0,0,0,0,0,0,0,0,0,0,0,0,711,389,3,71,152,177,223,271,727,729,"1,005",986,"1,089",742,859,644,600,624,0.2,,,
Ireland,0,0,0,0,0,0,0,0,0,0,0,0,0,0,0,512,539,589,633,573,658,756,695,722,726,604,575,597,624,587,276,180,249,0.05,,,
Isle of Man,,,,,,,,,,,,,,,,,,,,,,,,,,,,,,,,,,,,,
Israel,812,877,"1,161","1,264","1,605","2,102","2,077","2,170","2,310","2,738","2,951","3,392","3,396","3,132","3,355","3,736","3,680","4,402","4,536","4,619","4,740","5,074","4,680","5,688","6,185","5,890","6,363","6,194","5,915","6,188","6,378","7,701","6,143",1.2,,,
Italy,"5,025","3,615","2,923","2,611","2,362","2,281","2,526","2,207","2,054","1,879","1,790","1,932","2,273","3,023","3,689","4,092","4,076","4,595","7,355","7,041","7,975","8,731","9,166","9,436","10,099","9,608","9,513","9,742","9,900","10,459","9,760","10,258","9,000",0.5,,,
Jamaica,229,181,216,239,507,639,690,715,742,775,878,"1,047","1,242","1,380","1,601","1,762","1,924","2,122","2,157","1,889","2,026","2,106","2,168","2,172","2,269","2,361","2,433","2,463","2,502","2,563","3,067","3,707","3,419",21.2,,,
Japan,0,0,0,0,0,0,500,615,554,566,773,"1,250","1,127",811,774,905,"1,177","1,384","1,732","1,595","1,684","2,132","2,540","2,364","3,734","3,325","3,830","4,443","4,369","4,389","4,888","5,291","5,000",0.1,,,
Jordan,499,448,844,"1,040","1,094","1,244","1,544","1,655","1,543","1,664","1,845","2,011","2,135","2,201","2,287","2,421","2,794","3,326","3,510","3,465","3,623","3,684","3,848","5,343","6,370","5,348","4,375","4,432","4,472","4,653","4,881","5,162","4,646",9.7,,,
Kazakhstan,0,0,0,0,0,0,1,1,6,4,68,85,111,42,57,62,84,143,126,198,226,180,283,341,401,294,384,560,618,506,374,310,370,0.2,,,
Kenya,0,0,0,0,71,87,88,507,532,585,0,51,57,66,376,425,570,645,667,631,686,934,"1,211","1,304","1,441","1,569","1,745","1,962","2,720","2,838","3,108","3,770","4,091",3.6,,,
Kiribati,5,6,6,6,7,0,0,0,0,0,0,0,0,0,0,0,13,14,14,14,16,17,18,17,16,14,16,18,20,20,15,15,15,7.2,,,
"Korea, Dem. Rep.",,,,,,,,,,,,,,,,,,,,,,,,,,,,,,,,,,,,,
"Korea, Rep.","2,245","2,489","2,686","2,633","2,758","3,295","3,373","3,907","4,970","4,346","4,524","4,516","5,135","5,875","5,935","5,200","4,850","5,155","6,978","6,000","5,854","6,602","6,589","6,475","6,574","6,464","6,524","6,526","7,125","7,166","7,435","7,704","7,877",0.5,,,
Kosovo,0,0,0,0,0,0,0,0,0,0,0,0,0,0,622,702,771,920,"1,047","1,056","1,007",993,946,"1,058","1,099",971,986,"1,112","1,236","1,249","1,436","1,689","1,600",17.3,,,
Kuwait,0,0,0,0,0,0,0,0,0,0,0,0,0,0,0,0,0,0,0,0,5,6,3,4,4,34,4,23,28,26,23,23,27,0.01,,,
Kyrgyz Republic,0,0,0,2,1,1,2,3,2,1,2,5,30,70,179,313,473,704,"1,223",982,"1,266","1,709","2,031","2,278","2,243","1,688","1,995","2,486","2,689","2,411","2,423","2,792","3,050",31.3,,,
Lao PDR,0,0,2,3,1,0,1,1,1,1,1,1,1,1,1,1,4,6,18,38,42,110,203,170,188,189,189,243,240,297,232,224,200,1.2,,,
Latvia,0,0,0,0,0,0,41,46,49,49,252,274,113,158,219,379,480,550,"1,920","1,587","1,257","1,506","1,499","1,604","1,553","1,336","1,235","1,274","1,237","1,143","1,088","1,317","1,500",3.7,,,
Lebanon,0,0,0,0,0,0,0,0,0,0,0,0,"2,544","4,743","5,591","4,924","5,202","5,769","7,181","7,558","6,914","6,878","6,671","7,567","7,191","7,481","7,606","7,062","6,978","7,410","6,633","6,394","6,841",37.8,,,
Lesotho,999,"1,022","1,121","1,037","1,133","1,086",931,874,631,525,478,401,389,557,627,599,614,638,576,548,610,649,555,463,393,371,454,550,582,544,468,499,527,21.0,,,
Liberia,0,0,0,0,0,0,0,0,0,0,0,0,0,0,58,32,79,62,58,25,294,523,547,413,512,654,580,403,460,346,338,338,351,9.0,,,
Libya,0,0,0,0,0,0,0,0,0,0,9,10,7,8,10,15,16,0,0,0,0,0,0,0,0,0,0,0,0,0,0,,,,,,
Liechtenstein,,,,,,,,,,,,,,,,,,,,,,,,,,,,,,,,,,,,,
Lithuania,0,0,0,0,1,1,3,3,3,3,50,79,109,115,578,745,994,"1,433","1,565","1,240","1,673","1,955","1,507","2,060","2,113","1,373","1,280","1,303","1,387","1,304",791,778,700,1.0,,,
Luxembourg,0,0,0,0,0,0,0,0,0,652,579,577,771,977,"1,112","1,189","1,294","1,479","1,662","1,676","1,670","1,811","1,718","1,922","1,888","1,675","1,740","1,908","2,098","2,041","2,191","2,273","2,000",2.4,,,
"Macao SAR, China",0,0,0,0,0,0,0,0,0,0,0,0,47,48,53,53,55,54,52,48,47,48,47,49,37,40,28,25,23,22,19,19,17,0.1,,,
Madagascar,4,9,12,12,11,9,6,12,11,12,11,11,29,16,12,102,150,254,314,284,456,335,330,358,344,327,299,343,426,408,495,615,718,4.8,,,
Malawi,0,0,0,0,1,1,1,1,1,1,1,1,1,14,18,23,15,21,17,17,22,25,28,34,38,41,39,79,181,281,232,259,267,2.3,,,
Malaysia,185,130,153,176,119,116,164,194,190,323,342,367,435,571,802,"1,117","1,365","1,556","1,329","1,131","1,103","1,211","1,294","1,423","1,580","1,644","1,604","1,649","1,686","1,597","1,427","1,565","1,620",0.4,,,
Maldives,2,2,2,1,2,2,3,2,2,2,2,2,2,2,3,2,3,8,6,5,3,3,3,3,3,4,4,4,4,4,5,5,5,0.1,,,
Mali,107,93,117,126,103,112,111,92,84,86,73,88,138,154,156,177,212,344,433,456,473,785,827,895,921,817,827,885,"1,023",972,997,"1,053","1,094",5.9,,,
Malta,58,42,30,25,24,15,13,9,13,20,17,13,21,26,319,222,209,229,264,260,230,227,200,246,253,274,251,270,277,265,280,284,271,1.6,,,
Marshall Islands,0,0,0,0,0,0,0,0,0,0,0,0,0,0,0,24,26,25,23,24,22,22,23,25,26,27,28,30,31,0,0,31,30,11.1,,,
Mauritania,14,12,50,2,5,5,4,3,2,0,0,0,0,0,0,0,0,0,0,0,0,0,0,0,0,0,0,77,60,64,169,169,168,1.7,,,
Mauritius,0,0,0,0,0,0,0,0,0,0,0,1,1,1,1,1,1,1,1,1,1,1,1,1,327,224,194,250,245,319,285,272,279,2.4,,,
Mexico,"3,098","3,030","3,700","3,979","4,122","4,368","4,949","5,546","6,501","6,649","7,525","10,146","11,029","16,654","19,862","22,742","26,543","26,880","26,041","22,076","22,080","23,446","23,209","23,189","24,802","26,233","28,691","32,271","35,768","39,022","42,878","54,130","60,300",4.2,,,
"Micronesia, Fed. Sts.",0,0,0,0,0,0,0,0,0,0,0,0,0,0,0,0,0,0,0,17,18,19,21,22,23,0,0,0,0,0,0,0,0,,,,
Moldova,0,0,0,0,0,1,87,114,122,110,178,242,323,484,701,915,"1,176","1,491","1,888","1,352","1,753","1,813","1,986","2,192","2,076","1,540","1,467","1,638","1,838","1,910","1,877","2,085","2,170",15.4,,,
Monaco,,,,,,,,,,,,,,,,,,,,,,,,,,,,,,,,,,,,,
Mongolia,0,0,0,0,0,0,0,0,6,8,1,27,69,79,203,177,155,178,225,200,266,250,324,257,255,261,260,273,441,561,549,535,500,3.2,,,
Montenegro,0,0,0,0,0,0,0,0,0,0,0,0,0,0,0,0,0,196,298,303,416,510,508,545,543,470,481,523,589,584,601,794,920,15.0,,,
Morocco,"2,006","1,990","2,170","1,959","1,827","1,970","2,165","1,893","2,011","1,938","2,161","3,261","2,877","3,614","4,221","4,589","5,451","6,730","6,894","6,269","6,423","7,256","6,508","6,882","7,789","6,904","6,383","6,823","6,919","6,963","7,414","10,705","11,401",8.0,,,
Mozambique,0,0,0,0,0,0,0,0,0,0,0,0,0,0,0,59,80,99,116,111,116,130,174,152,155,143,93,258,296,300,349,454,545,3.0,,,
Myanmar,6,2,0,28,42,81,122,147,136,135,102,116,105,84,117,129,115,81,55,54,115,127,275,"1,644","1,808","1,934","2,255","2,453","2,673","2,553","2,671","2,000","1,900",3.2,,,
Namibia,12,13,15,15,15,16,14,13,11,10,9,8,8,12,15,17,16,16,14,77,69,79,80,64,81,47,66,48,54,66,64,46,44,0.4,,,
Nepal,0,0,0,55,50,57,44,49,68,83,111,147,678,771,823,"1,212","1,453","1,734","2,727","2,983","3,464","4,217","4,793","5,584","5,889","6,730","6,612","6,928","8,287","8,244","8,108","8,203","8,500",21.8,,,
Netherlands,465,440,497,480,511,665,697,661,631,486,426,483,484,"1,121","1,298","1,259","1,553","1,630","1,649","1,713","1,720","1,789","1,640","1,619","1,483","2,298","2,160","2,226","2,450","2,234","2,113","2,370","2,000",0.2,,,
New Caledonia,0,0,0,0,0,0,0,0,0,0,0,0,333,448,493,512,537,491,544,509,492,594,715,724,721,613,621,0,0,0,0,,,,,,
New Zealand,0,0,0,0,0,0,0,0,0,0,215,0,233,290,322,352,335,384,421,331,371,455,462,459,535,532,528,539,509,463,148,17,25,0.01,,,
Nicaragua,0,0,10,25,50,75,95,150,200,300,320,336,377,439,519,616,698,740,820,770,825,914,"1,016","1,081","1,140","1,198","1,268","1,395","1,505","1,686","1,855","2,151","3,126",19.9,,,
Niger,14,13,18,16,7,8,4,5,19,27,14,22,19,26,60,66,78,79,94,102,134,166,152,146,219,172,176,264,297,309,521,542,534,3.6,,,
Nigeria,10,66,56,793,550,250,297,586,449,"1,301","1,392","1,167","1,209","1,063","2,273","14,640","16,932","18,014","19,200","18,371","19,745","20,617","20,543","20,797","20,999","20,626","19,698","22,037","24,311","23,809","17,208","19,483","20,945",4.2,,,
North Macedonia,0,0,0,0,0,0,68,78,63,77,81,73,106,174,213,227,267,345,407,381,388,434,394,376,367,307,291,314,344,317,413,489,450,3.2,,,
Northern Mariana Islands,,,,,,,,,,,,,,,,,,,,,,,,,,,,,,,,,,,,,
Norway,49,56,190,166,170,239,309,289,301,288,270,279,333,392,465,505,529,617,685,631,680,765,767,791,760,609,594,616,644,616,593,672,600,0.1,,,
Oman,39,39,39,39,39,39,39,39,39,39,39,39,39,39,39,39,39,39,39,39,39,39,39,39,39,39,39,39,39,39,39,39,39,0.04,,,
Pakistan,"2,006","1,549","1,574","1,446","1,749","1,712","1,284","1,707","1,172",996,"1,075","1,461","3,554","3,964","3,945","4,280","5,121","5,998","7,039","8,717","9,690","12,263","14,007","14,629","17,244","19,306","19,819","19,856","21,193","22,252","26,089","31,312","29,000",7.7,,,
Palau,0,0,0,0,0,0,0,0,0,0,0,0,0,0,0,2,2,2,2,2,2,2,2,2,2,2,2,2,0,0,0,2,2,0.9,,,
Panama,110,108,102,109,112,112,86,64,58,48,16,73,85,107,109,130,301,355,378,337,410,368,411,461,756,554,503,533,538,581,456,568,596,0.8,,,
Papua New Guinea,0,0,0,0,0,0,0,0,0,0,0,0,6,7,10,7,4,8,7,5,4,12,14,14,10,4,3,4,4,0,0,2,2,0.01,,,
Paraguay,34,42,64,95,148,135,137,141,143,148,152,140,99,110,132,161,336,341,363,377,410,541,634,623,507,554,657,704,683,666,584,585,554,1.3,,,
Peru,87,148,240,289,473,599,597,636,647,670,718,753,705,869,"1,133","1,440","1,837","2,131","2,444","2,409","2,534","2,697","2,788","2,707","2,637","2,725","2,884","3,051","3,225","3,326","2,939","3,592","3,699",1.5,,,
Philippines,"1,465","1,850","2,537","2,587","3,452","5,360","4,875","6,799","5,130","6,693","6,924","8,760","9,735","10,239","11,468","13,733","15,496","16,437","18,851","19,960","21,557","23,054","24,610","26,717","28,691","29,799","31,142","32,810","33,809","35,167","34,883","36,685","38,000",9.5,,,
Poland,0,0,0,0,581,724,774,848,"1,070",825,"1,496","1,563","1,685","2,284","5,186","6,471","8,486","10,468","10,475","8,174","7,712","7,768","7,041","7,457","7,468","6,834","6,764","7,302","7,603","7,063","6,727","7,131","8,000",1.1,,,
Portugal,"4,479","4,718","4,762","4,315","3,806","3,953","3,708","3,488","3,532","3,644","3,496","3,647","2,927","3,040","3,303","3,222","3,479","4,155","4,298","3,781","3,734","3,924","3,993","4,452","4,504","4,048","4,126","4,505","4,801","4,717","4,849","5,128","4,694",1.8,,,
Puerto Rico,,,,,,,,,,,,,,,,,,,,,,,,,,,,,,,,,,,,,
Qatar,0,0,0,0,0,0,0,0,0,0,0,0,0,0,0,0,0,0,0,0,0,574,803,574,499,437,379,666,467,577,652,859,624,0.3,,,
Romania,0,0,0,0,11,9,18,16,49,96,96,116,143,124,131,952,"1,160","1,624","1,702",682,641,694,733,"4,806","5,084","5,391","5,930","6,556","6,984","8,142","7,626","9,160","11,064",3.7,,,
Russian Federation,0,0,0,0,108,166,102,227,301,425,500,986,936,"1,114","2,207","3,437","3,820","4,666","5,737","5,105","5,250","6,103","5,788","6,751","7,777","6,903","6,689","8,235","9,287","10,432","9,915","9,647","6,000",0.3,,,
Rwanda,0,0,0,0,0,0,0,0,0,0,0,0,0,0,0,0,0,0,0,0,107,174,182,170,184,159,173,215,261,261,280,391,469,3.9,,,
Samoa,43,35,40,32,37,41,44,47,42,45,0,0,0,0,1,82,87,97,109,119,139,160,178,165,141,131,131,136,148,155,204,248,280,33.7,,,
San Marino,0,0,0,0,0,0,0,0,0,0,0,0,0,0,0,,,,,,,,,,,,,,,,,,,,,,
Sao Tome and Principe,0,0,0,0,0,0,0,1,1,1,0,1,1,2,1,2,2,2,3,2,6,7,6,27,27,20,18,18,18,11,9,11,10,2.1,,,
Saudi Arabia,0,0,0,0,0,0,0,0,0,0,0,0,0,0,0,94,106,123,216,214,236,244,246,269,273,295,308,291,335,334,302,295,273,0.03,,,
Senegal,142,163,176,170,114,146,150,150,147,186,234,305,346,512,634,789,926,"1,193","1,482","1,356","1,479","1,616","1,576","1,778","1,932","1,758","1,981","2,149","2,428",138,"2,588","2,658","2,711",9.8,,,
Serbia,0,0,0,0,0,0,0,0,0,0,0,0,0,0,0,0,0,"3,764","3,545","4,650","4,117","3,961","3,546","4,025","3,696","3,370","3,205","3,590","4,446","4,238","3,869","4,598","5,400",8.6,,,
Seychelles,8,7,11,0,0,1,1,0,0,0,3,2,2,5,7,12,13,5,3,16,17,25,18,13,15,18,22,22,23,24,10,10,9,0.5,,,
Sierra Leone,0,0,0,0,0,24,25,6,20,22,7,6,22,26,25,2,16,42,23,36,44,59,65,70,62,48,58,64,73,68,177,180,179,4.4,,,
Singapore,0,0,0,0,0,0,0,0,0,0,0,0,0,0,0,0,0,0,0,0,0,0,0,0,0,0,0,0,0,0,0,0,,,,,
Sint Maarten (Dutch part),0,0,0,0,0,0,0,0,0,0,0,0,0,0,0,0,0,0,0,0,0,54,56,73,62,55,61,55,51,48,36,,,,,,
Slovak Republic,0,0,0,79,48,26,21,29,23,19,18,22,24,425,703,"1,211","1,343","1,662","2,050","1,672","1,591","1,754","1,927","2,072","2,396","2,138","2,120","2,164","2,211","2,545","2,464","2,235","2,300",2.0,,,
Slovenia,0,0,38,52,273,270,275,238,225,223,202,198,213,231,261,261,279,320,380,173,164,210,249,314,373,400,452,502,645,663,656,747,800,1.3,,,
Solomon Islands,0,0,0,0,0,0,0,0,0,2,4,5,3,4,9,7,11,13,9,13,14,17,21,21,16,19,20,16,20,25,28,51,40,2.5,,,
Somalia,0,0,0,0,0,0,0,0,0,0,0,0,0,0,0,0,0,0,0,0,0,0,0,0,0,0,0,0,"1,482","1,577","1,735","1,735","1,735",20.6,,,
South Africa,108,104,91,83,79,83,75,176,259,307,325,282,268,391,468,614,692,792,784,862,"1,070","1,158","1,085",971,913,825,755,874,929,890,811,927,"1,019",0.2,,,
South Sudan,0,0,0,0,0,0,0,0,0,0,0,0,0,0,0,0,0,0,0,0,0,0,0,0,2,"1,139","1,083",634,"1,267",80,87,"1,236","1,187",24.8,,,
Spain,"2,114","2,020","2,415","2,048","2,280","2,764","2,925","2,899","3,253","4,647","4,862","5,099","5,584","6,568","7,540","6,662","7,353","8,963","9,742","8,584","8,707","9,676","9,724","10,666","10,761","10,304","10,263","10,635","10,986","9,975","8,509","9,000","8,500",0.6,,,
Sri Lanka,401,442,548,632,715,801,843,934,"1,013","1,064","1,154","1,170","1,296","1,423","1,574","1,976","2,167","2,507","2,925","3,337","4,123","5,153","6,000","6,422","7,036","7,000","7,262","7,190","7,043","6,749","7,140","5,522","3,600",4.9,,,
St. Kitts and Nevis,17,0,0,14,16,19,19,20,21,23,24,25,25,27,28,30,33,36,40,39,47,45,51,52,22,24,23,25,26,42,32,37,33,3.0,,,
St. Lucia,15,16,0,14,20,21,25,23,24,24,24,24,25,25,26,27,28,29,29,28,29,29,30,30,35,41,38,42,43,43,60,63,55,2.8,,,
St. Martin (French part),,,,,,,,,,,,,,,,,,,,,,,,,,,,,,,,,,,,,
St. Vincent and the Grenadines,14,1,1,16,15,16,17,17,18,19,19,19,20,21,21,22,26,29,27,29,29,29,31,32,44,42,45,46,46,79,61,86,70,7.3,,,
Sudan,62,45,124,75,107,346,222,420,687,665,641,740,978,"1,224","1,403",704,801,"1,000","1,591","1,394","1,456",824,596,620,507,151,153,213,425,522,495,"1,126","1,013",2.4,,,
Suriname,0,0,0,0,0,0,0,0,0,0,0,0,0,0,0,4,2,3,2,5,4,4,8,7,9,7,1,98,99,96,124,148,221,7.4,,,
Sweden,114,169,195,194,212,255,270,316,126,364,438,578,512,"1,357","1,596","1,812","2,245","3,205","4,095","3,968","4,061","4,385","4,293","4,596","4,561","3,397","2,821","3,109","3,074","3,185","3,091","3,336","2,565",0.4,,,
Switzerland,924,987,"1,045","1,052","1,212","1,473","1,390","1,208","1,227","1,222",995,"1,176","1,225","1,533","1,695","1,721","1,795","1,796","2,215","2,342","2,495","2,615","2,420","2,437","2,406","2,517","2,524","2,592","2,551","2,549","2,941","3,019","2,631",0.3,,,
Syrian Arab Republic,385,350,550,352,535,339,313,238,220,198,180,170,135,889,855,823,795,"1,030","1,325","1,350","1,623",0,0,0,0,0,0,0,0,0,0,,,,,,
Tajikistan,0,0,0,0,0,0,0,0,0,0,0,0,79,146,252,564,976,"1,514","2,278","1,566","2,021","2,722","3,222","3,698","3,384","2,259","1,867","2,237","2,183","2,322","2,187","2,922","3,200",32.1,,,
Tanzania,0,0,0,0,0,1,19,2,12,7,8,15,12,9,14,19,15,25,37,40,344,410,390,382,389,388,403,403,413,433,326,569,609,0.8,,,
Thailand,973,"1,019",445,"1,112","1,281","1,695","1,806","1,658","1,424","1,460","1,697","1,252","1,380","1,607","1,622","1,187","1,333","1,635","1,898","3,808","4,433","5,256","5,657","6,585","6,524","5,895","6,270","6,720","7,466","8,162","8,257","9,065","9,500",1.8,,,
Timor-Leste,0,0,0,0,0,0,0,0,0,0,0,0,0,0,0,0,4,10,18,113,137,137,120,34,44,62,80,87,96,100,155,169,185,7.5,,,
Togo,27,29,16,12,15,15,29,26,19,23,34,69,104,149,179,193,232,285,338,336,337,244,345,397,428,364,367,404,451,508,650,674,668,8.0,,,
Tonga,17,24,18,20,21,0,0,0,0,0,0,53,62,59,65,69,78,82,103,82,74,84,91,123,119,129,126,159,183,190,191,213,250,49.9,,,
Trinidad and Tobago,3,5,6,18,26,30,28,30,45,54,38,41,79,87,87,92,91,109,95,109,91,162,139,145,145,155,145,135,139,144,194,233,172,0.6,,,
Tunisia,551,525,531,446,629,680,736,685,718,761,796,927,"1,070","1,250","1,431","1,393","1,510","1,716","1,977","1,964","2,063","2,004","2,266","2,291","2,347","1,971","1,821","1,890","1,902","2,050","2,367","2,195","2,085",4.5,,,
Turkey,"3,246","2,819","3,008","2,919","2,627","3,327","3,542","4,197","5,356","4,533","4,560","2,786","1,936",729,804,"1,368","1,833","2,096","2,439","1,834","1,819","1,883","1,881","1,901","1,739","1,395","1,186","1,048","1,122",810,795,705,710,0.1,,,
Turkmenistan,0,0,0,0,0,0,0,0,0,0,0,0,0,0,0,, , , , ,24,23,27,35,31,16,8,5,1,2,2,1,1,0.001,,,
Turks and Caicos Islands,0,0,0,0,0,0,0,0,0,0,0,0,0,0,0,0,0,0,0,0,0,0,0,0,7,6,7,8,7,0,0,,,,,,
Tuvalu,0,0,0,0,0,0,0,0,0,0,0,4,7,5,5,5,4,6,6,5,4,5,4,2,1,1,1,1,1,1,0,,,,,,
Uganda,0,0,0,0,0,0,0,0,0,233,238,349,442,299,311,322,411,452,724,781,771,816,913,941,888,902,"1,146","1,166","1,338","1,425","1,062","1,083","1,131",2.3,,,
Ukraine,0,0,0,0,0,0,6,12,12,18,419,829,"1,192","1,523","1,873","2,408","3,102","5,290","6,782","5,941","6,535","7,822","8,449","9,667","7,354","8,474","9,472","12,132","14,694","15,788","15,213","18,060","18,421",13.9,,,
United Arab Emirates,,,,,,,,,,,,,,,,,,,,,,,,,,,,,,,,,,,,,
United Kingdom,977,972,972,892,"1,045","1,399","1,421","1,649","1,392","5,447","5,074","4,956","5,235","5,689","5,938","6,045","6,106","6,556","5,995","5,243","4,951","5,099","4,945","4,805","4,936","5,003","4,582","4,306","4,390","4,215","3,248","3,523","2,501",0.1,,,
United States,"1,170","1,300","1,796","1,820","1,943","2,179","2,181","2,270","2,437","4,246","4,395","4,513","4,570","4,672","4,734","4,795","5,068","5,219","5,364","5,740","5,930","6,104","6,303","6,613","6,503","6,578","6,330","6,347","6,941","7,049","6,627","6,899","6,097",0.02,,,
Uruguay,0,0,0,0,0,0,0,0,0,0,0,0,36,62,70,77,89,96,108,101,125,129,92,99,98,90,90,109,114,112,111,126,127,0.2,,,
Uzbekistan,0,0,0,0,0,0,0,0,0,0,0,0,0,0,0,"1,029","1,421","1,709","3,632","2,180","3,438","4,910","6,090","6,443","6,815","4,843","5,795","7,130","7,610","8,546","6,980","9,198","13,500",17.1,,,
Vanuatu,7,7,7,5,6,6,0,0,8,10,14,18,4,4,5,5,5,6,9,11,12,22,22,24,64,104,81,26,35,75,98,169,75,7.6,,,
"Venezuela, RB",1,2,2,2,2,2,4,17,17,17,17,19,19,208,143,148,165,151,137,132,143,138,118,120,128,161,279,0,0,0,0,,,,,,
Vietnam,0,0,0,0,0,0,0,0,0,0,"1,340","1,100","1,770","2,100","2,310","3,150","3,800","6,180","6,805","6,020","8,260","8,600","10,000","11,000","12,000","13,000","14,000","15,000","16,000","17,000","17,200","18,060","19,000",4.6,,,
Virgin Islands (U.S.),,,,,,,,,,,,,,,,,,,,,,,,,,,,,,,,,,,,,
West Bank and Gaza,0,0,0,0,0,582,542,623,"1,058","1,096",864,806,772,310,399,378,464,599,741,755,927,"1,142","1,737","1,489","1,805","1,817","2,087","2,379","2,834","3,153","2,560","3,393","3,495",18.6,,,
"Yemen, Rep.",0,0,0,0,0,0,0,0,0,0,0,0,0,0,0,"1,283","1,283","1,322","1,411","1,160","1,526","1,404","3,351","3,343","3,351","3,351","3,771",0,0,0, ,,,,,,
Zambia,0,0,0,0,0,0,0,0,0,0,0,0,0,36,48,53,58,59,68,41,44,46,73,54,58,47,38,94,107,98,135,242,260,1.0,,,
Zimbabwe,0,0,0,1,1,0,0,0,0,0,0,0,0,0,0,0,0,0,0,"1,206","1,413","1,919","2,114","1,890","1,904","2,047","1,856","1,730","1,428","1,417","1,832","1,982","2,047",5.3,,,
Low-and Middle-Income Countries,"27,273","28,402","33,391","35,054","39,528","45,655","49,895","59,835","58,124","63,987","70,489","79,690","94,557","117,934","135,276","191,499","224,581","273,325","319,667","303,533","339,717","382,485","404,730","422,844","444,295","446,545","440,476","477,016","523,588","546,227","541,945","596,985","626,372",,,,
World,"57,347","58,714","66,159","66,503","71,662","82,487","86,805","102,750","100,225","115,387","122,482","134,153","158,059","192,182","221,430","284,925","328,039","395,340","458,324","434,038","472,058","529,188","548,763","582,291","610,160","601,673","596,493","638,342","694,405","721,737","711,037","781,076","794,059",,,,
,,,,,,,,,,,,,,,,,,,,,,,,,,,,,,,,,,,,,
,,,,,,,,,,,,,,,,,,,,,,,,,,,,,,,,,,,,,
Note: All numbers are in current (nominal) US $.,,,,,,,,,,,,,,,,,,,,,,,,,,,,,,,,,,,,,
"Venezuela has been unclassfied due to the unvailability data, thus it is not included in aggregate sum",,,,,,,,,,,,,,,,,,,,,,,,,,,,,,,,,,,,,
"For a discussion of the definition of remittances, see Dilip Ratha, 2003, ""Workers' Remittances: An Important and Stable Source of External Development Finance"", Global Development Finance 2003, World Bank. Data since 2005 are based on IMF BOP Statistics that use the definitions of IMF BPM6.",,,,,,,,,,,,,,,,,,,,,,,,,,,,,,,,,,,,,
"For additional information, please also see ""International Transactions in Remittances: Guide for Compilers and Users"", International Monetary Fund, 2009.",,,,,,,,,,,,,,,,,,,,,,,,,,,,,,,,,,,,,
GDP data from IMF World Economic Outlook,,,,,,,,,,,,,,,,,,,,,,,,,,,,,,,,,,,,,
"For latest data and analysis on migration and remittances, please visit https://www.knomad.org/",,,,,,,,,,,,,,,,,,,,,,,,,,,,,,,,,,,,,
Date: November 2022,,,,,,,,,,,,,,,,,,,,,,,,,,,,,,,,,,,,,
"When using the data, please cite: World Bank-KNOMAD, November 2022.",,,,,,,,,,,,,,,,,,,,,,,,,,,,,,,,,,,,,
